,comment,customer_name,discount_percent,EMI,offer_details,price,product_name,product_searched,rating,review_age
0,Really Nice,Raj Deb,20% off,NO EMI Plans,No offer Available,"₹23,999","SAMSUNG Galaxy F62 (Laser Blue, 128 GB)  (6 GB RAM)",samsung,4,5 months ago
1,bad product and response,Flipkart Customer,20% off,NO EMI Plans,No offer Available,"₹24,999","APPLE iPhone 7 (Silver, 32 GB)",Iphone-7,1,"Nov, 2017"
2,Flipkart Rocks!!!!!!!!!!!!!!!,Bhavesh Kothari,20% off,NO EMI Plans,No offer Available,"₹24,999","APPLE iPhone 7 (Silver, 32 GB)",Iphone-7,5,"Oct, 2016"
3,Apple at it's best,Binu Korembeth,20% off,NO EMI Plans,No offer Available,"₹24,999","APPLE iPhone 7 (Silver, 32 GB)",Iphone-7,5,"Oct, 2016"
4,Wonderful,Asgar Khan,20% off,NO EMI Plans,No offer Available,"₹24,999","APPLE iPhone 7 (Silver, 32 GB)",Iphone-7,4,"Dec, 2019"
5,Seems great,Sandeep Singh Josan,20% off,NO EMI Plans,No offer Available,"₹24,999","APPLE iPhone 7 (Silver, 32 GB)",Iphone-7,5,"May, 2017"
6,Perfect product!,RAJESH KOTHURU,No Discount,NO EMI Plans,No offer Available,"₹49,999","APPLE iPhone 6 (Gold, 128 GB)",iphone6,5,"Dec, 2016"
7,Mind-blowing purchase,Vishwajit Ranjeet gangane Gangane,20% off,NO EMI Plans,No offer Available,"₹23,999","SAMSUNG Galaxy F62 (Laser Blue, 128 GB)  (6 GB RAM)",samsung,5,5 months ago
8,Wonderful,Chaitanya Patankar,20% off,NO EMI Plans,No offer Available,"₹23,999","SAMSUNG Galaxy F62 (Laser Blue, 128 GB)  (6 GB RAM)",samsung,5,4 months ago
9,Really Nice,Imran Ahamed,20% off,NO EMI Plans,No offer Available,"₹23,999","SAMSUNG Galaxy F62 (Laser Blue, 128 GB)  (6 GB RAM)",samsung,4,5 months ago
10,Upgraded from the iPhone 6 to iphone 7,Flipkart Customer,20% off,NO EMI Plans,No offer Available,"₹24,999","APPLE iPhone 7 (Silver, 32 GB)",Iphone-7,5,"Jan, 2017"
11,Great product,Pramila Bhatia,20% off,NO EMI Plans,No offer Available,"₹24,999","APPLE iPhone 7 (Silver, 32 GB)",Iphone-7,5,"Jul, 2020"
12,Great experince,Flipkart Customer,20% off,NO EMI Plans,No offer Available,"₹24,999","APPLE iPhone 7 (Silver, 32 GB)",Iphone-7,4,"Jul, 2017"
13,"Seller Trusted, Buy with peace of mind.",Mriganko Mandal,20% off,NO EMI Plans,No offer Available,"₹24,999","APPLE iPhone 7 (Silver, 32 GB)",Iphone-7,5,"Nov, 2019"
14,Must buy!,Saksham Saxena,20% off,NO EMI Plans,No offer Available,"₹24,999","APPLE iPhone 7 (Silver, 32 GB)",Iphone-7,5,"Jun, 2017"
15,Great Quality and Timely delivery,Nitesh Bamel,20% off,NO EMI Plans,No offer Available,"₹24,999","APPLE iPhone 7 (Silver, 32 GB)",Iphone-7,5,"Oct, 2016"
16,Expected a better product,vicky Sastry,20% off,NO EMI Plans,No offer Available,"₹23,999","SAMSUNG Galaxy F62 (Laser Blue, 128 GB)  (6 GB RAM)",samsung,2,4 months ago
17,A Worthy Upgrade from IPhone 6 Plus,Satej Rao,20% off,NO EMI Plans,No offer Available,"₹24,999","APPLE iPhone 7 (Silver, 32 GB)",Iphone-7,5,"Oct, 2016"
18,Very Good,PRASHANT Mishra,20% off,NO EMI Plans,No offer Available,"₹23,999","SAMSUNG Galaxy F62 (Laser Blue, 128 GB)  (6 GB RAM)",samsung,4,5 months ago
19,Delightful,sravan kumar,20% off,NO EMI Plans,No offer Available,"₹23,999","SAMSUNG Galaxy F62 (Laser Blue, 128 GB)  (6 GB RAM)",samsung,4,23 days ago
20,Super Computer in Your Hand...,Sandeep Misal,20% off,NO EMI Plans,No offer Available,"₹24,999","APPLE iPhone 7 (Silver, 32 GB)",Iphone-7,5,"Oct, 2016"
21,Classy product,Flipkart Customer,20% off,NO EMI Plans,No offer Available,"₹23,999","SAMSUNG Galaxy F62 (Laser Blue, 128 GB)  (6 GB RAM)",samsung,5,10 days ago
22,good purchase,ANKUR VATSAL,16% off,NO EMI Plans,No offer Available,"₹12,499","SAMSUNG Galaxy F22 (Denim Blue, 64 GB)  (4 GB RAM)",samsung,4,26 days ago
23,Very Good,Swapnil Jundare,20% off,NO EMI Plans,No offer Available,"₹23,999","SAMSUNG Galaxy F62 (Laser Blue, 128 GB)  (6 GB RAM)",samsung,4,1 month ago
24,Really Nice,Raj Deb,20% off,NO EMI Plans,No offer Available,"₹23,999","SAMSUNG Galaxy F62 (Laser Blue, 128 GB)  (6 GB RAM)",samsung,4,5 months ago
25,Amazing is the one word for Apple.,Piyush Ranjan,20% off,NO EMI Plans,No offer Available,"₹24,999","APPLE iPhone 7 (Silver, 32 GB)",Iphone-7,5,"May, 2017"
26,Mind-blowing purchase,Aniket Kumar,16% off,NO EMI Plans,No offer Available,"₹12,499","SAMSUNG Galaxy F22 (Denim Blue, 64 GB)  (4 GB RAM)",samsung,5,27 days ago
27,Classy product,Anil,20% off,NO EMI Plans,No offer Available,"₹23,999","SAMSUNG Galaxy F62 (Laser Blue, 128 GB)  (6 GB RAM)",samsung,5,5 months ago
28,Mind-blowing purchase,vivek richard,20% off,NO EMI Plans,No offer Available,"₹23,999","SAMSUNG Galaxy F62 (Laser Blue, 128 GB)  (6 GB RAM)",samsung,5,5 months ago
29,Simply awesome,Flipkart Customer,20% off,NO EMI Plans,No offer Available,"₹24,999","APPLE iPhone 7 (Silver, 32 GB)",Iphone-7,5,"Dec, 2017"
30,Really Nice,Imran Ahamed,20% off,NO EMI Plans,No offer Available,"₹23,999","SAMSUNG Galaxy F62 (Laser Blue, 128 GB)  (6 GB RAM)",samsung,4,5 months ago
31,Really Nice,Suman Mondal,20% off,NO EMI Plans,No offer Available,"₹23,999","SAMSUNG Galaxy F62 (Laser Blue, 128 GB)  (6 GB RAM)",samsung,4,2 months ago
32,Wonderful,Pallab Saha,16% off,NO EMI Plans,No offer Available,"₹12,499","SAMSUNG Galaxy F22 (Denim Blue, 64 GB)  (4 GB RAM)",samsung,4,25 days ago
33,Absolute rubbish!,Tanveer Singh Malik,20% off,NO EMI Plans,No offer Available,"₹23,999","SAMSUNG Galaxy F62 (Laser Blue, 128 GB)  (6 GB RAM)",samsung,1,2 months ago
34,"5 Star service, Awesome experience",Amjad Khan,20% off,NO EMI Plans,No offer Available,"₹24,999","APPLE iPhone 7 (Silver, 32 GB)",Iphone-7,5,"May, 2017"
35,Decent product,Flipkart Customer,20% off,NO EMI Plans,No offer Available,"₹23,999","SAMSUNG Galaxy F62 (Laser Blue, 128 GB)  (6 GB RAM)",samsung,3,3 months ago
36,Awesome phone,Flipkart Customer,20% off,NO EMI Plans,No offer Available,"₹24,999","APPLE iPhone 7 (Silver, 32 GB)",Iphone-7,5,"Apr, 2018"
37,Worth every penny,Hemanta Sa,20% off,NO EMI Plans,No offer Available,"₹24,999","APPLE iPhone 7 (Silver, 32 GB)",Iphone-7,5,"Sep, 2019"
38,Mind-blowing purchase,Khushwant Singh,20% off,NO EMI Plans,No offer Available,"₹23,999","SAMSUNG Galaxy F62 (Laser Blue, 128 GB)  (6 GB RAM)",samsung,5,3 months ago
39,Way to go Flipkart!,Flipkart Customer,20% off,NO EMI Plans,No offer Available,"₹24,999","APPLE iPhone 7 (Silver, 32 GB)",Iphone-7,5,"Oct, 2016"
40,Awesome,HAMZAAH AZAM,20% off,NO EMI Plans,No offer Available,"₹24,999","APPLE iPhone 7 (Silver, 32 GB)",Iphone-7,5,"Oct, 2018"
41,Awesome,Himanshu Jayant,20% off,NO EMI Plans,No offer Available,"₹23,999","SAMSUNG Galaxy F62 (Laser Blue, 128 GB)  (6 GB RAM)",samsung,5,6 days ago
42,Just wow!,Swarnendu Bose,20% off,NO EMI Plans,No offer Available,"₹23,999","SAMSUNG Galaxy F62 (Laser Blue, 128 GB)  (6 GB RAM)",samsung,5,5 months ago
43,Great product,chandan kumar panda,20% off,NO EMI Plans,No offer Available,"₹24,999","APPLE iPhone 7 (Silver, 32 GB)",Iphone-7,5,"Nov, 2019"
44,Must buy!,Abhishek Shrivastwa,20% off,NO EMI Plans,No offer Available,"₹24,999","APPLE iPhone 7 (Silver, 32 GB)",Iphone-7,5,"Dec, 2019"
45,Really Nice,bala phanindrakumar,20% off,NO EMI Plans,No offer Available,"₹24,999","APPLE iPhone 7 (Silver, 32 GB)",Iphone-7,4,"Mar, 2020"
46,Amazing service from Apple & Flipkart,Flipkart Customer,20% off,NO EMI Plans,No offer Available,"₹24,999","APPLE iPhone 7 (Silver, 32 GB)",Iphone-7,5,"Oct, 2016"
47,Good choice,Kaushik Pal,16% off,NO EMI Plans,No offer Available,"₹12,499","SAMSUNG Galaxy F22 (Denim Blue, 64 GB)  (4 GB RAM)",samsung,4,26 days ago
48,Iphone 7 and Flipkart experience,Saket,20% off,NO EMI Plans,No offer Available,"₹24,999","APPLE iPhone 7 (Silver, 32 GB)",Iphone-7,5,"Oct, 2016"
49,Worth the money,Pritish Pathak,20% off,NO EMI Plans,No offer Available,"₹23,999","SAMSUNG Galaxy F62 (Laser Blue, 128 GB)  (6 GB RAM)",samsung,4,3 months ago
50,Terrific,Saigoutham D,20% off,NO EMI Plans,No offer Available,"₹24,999","APPLE iPhone 7 (Silver, 32 GB)",Iphone-7,5,"Sep, 2017"
51,Terrific purchase,Nishant Daryanani,20% off,NO EMI Plans,No offer Available,"₹24,999","APPLE iPhone 7 (Silver, 32 GB)",Iphone-7,5,"May, 2017"
52,Super!,umesh singh,20% off,NO EMI Plans,No offer Available,"₹24,999","APPLE iPhone 7 (Silver, 32 GB)",Iphone-7,5,"Feb, 2017"
53,Wonderful,RAJESH ROY,20% off,NO EMI Plans,No offer Available,"₹23,999","SAMSUNG Galaxy F62 (Laser Blue, 128 GB)  (6 GB RAM)",samsung,5,5 months ago
54,Great product,Somashekar T,20% off,NO EMI Plans,No offer Available,"₹23,999","SAMSUNG Galaxy F62 (Laser Blue, 128 GB)  (6 GB RAM)",samsung,5,4 months ago
55,good purchase,ANKUR VATSAL,16% off,NO EMI Plans,No offer Available,"₹12,499","SAMSUNG Galaxy F22 (Denim Blue, 64 GB)  (4 GB RAM)",samsung,4,25 days ago
56,Decent phone. Recommend going for 7 plus or 8 plus,Abhishek,20% off,NO EMI Plans,No offer Available,"₹24,999","APPLE iPhone 7 (Silver, 32 GB)",Iphone-7,5,"Jan, 2018"
57,Classy product,Sidharth Nayak,20% off,NO EMI Plans,No offer Available,"₹23,999","SAMSUNG Galaxy F62 (Laser Blue, 128 GB)  (6 GB RAM)",samsung,5,4 months ago
58,Mind-blowing purchase,Aniket Kumar,16% off,NO EMI Plans,No offer Available,"₹12,499","SAMSUNG Galaxy F22 (Denim Blue, 64 GB)  (4 GB RAM)",samsung,5,27 days ago
59,iPhone is an iPhone !,Arus Chandran,20% off,NO EMI Plans,No offer Available,"₹24,999","APPLE iPhone 7 (Silver, 32 GB)",Iphone-7,5,"May, 2020"
60,Hated it! Not at all comfortable to hold in hand,Chetan Patil,20% off,NO EMI Plans,No offer Available,"₹23,999","SAMSUNG Galaxy F62 (Laser Blue, 128 GB)  (6 GB RAM)",samsung,1,5 months ago
61,One Great Phone!,Aashish M,20% off,NO EMI Plans,No offer Available,"₹24,999","APPLE iPhone 7 (Silver, 32 GB)",Iphone-7,5,"Jan, 2017"
62,Perfect product!,sai charan Kolluri,20% off,NO EMI Plans,No offer Available,"₹24,999","APPLE iPhone 7 (Silver, 32 GB)",Iphone-7,5,"Sep, 2017"
63,Awesome phone,Nitish Dhawan,20% off,NO EMI Plans,No offer Available,"₹24,999","APPLE iPhone 7 (Silver, 32 GB)",Iphone-7,5,"Oct, 2016"
64,Terrific,Jeetendra Nath Panda,20% off,NO EMI Plans,No offer Available,"₹24,999","APPLE iPhone 7 (Silver, 32 GB)",Iphone-7,5,"Oct, 2018"
65,Highly recommended mobile!!,shafi ullah,20% off,NO EMI Plans,No offer Available,"₹24,999","APPLE iPhone 7 (Silver, 32 GB)",Iphone-7,5,"Oct, 2017"
66,Must buy!,Nirajkumar Nagrare,20% off,NO EMI Plans,No offer Available,"₹24,999","APPLE iPhone 7 (Silver, 32 GB)",Iphone-7,5,"Sep, 2017"
67,good purchase,ANKUR VATSAL,16% off,NO EMI Plans,No offer Available,"₹12,499","SAMSUNG Galaxy F22 (Denim Blue, 64 GB)  (4 GB RAM)",samsung,4,26 days ago
68,Could be way better,ARUN SHUKLA,20% off,NO EMI Plans,No offer Available,"₹24,999","APPLE iPhone 7 (Silver, 32 GB)",Iphone-7,2,"Nov, 2019"
69,Value-for-money,Sanjay Sharma,20% off,NO EMI Plans,No offer Available,"₹24,999","APPLE iPhone 7 (Silver, 32 GB)",Iphone-7,5,"May, 2017"
70,Wonderful,Pallab Saha,16% off,NO EMI Plans,No offer Available,"₹12,499","SAMSUNG Galaxy F22 (Denim Blue, 64 GB)  (4 GB RAM)",samsung,4,25 days ago
71,Pretty good,Preeti Kureel,20% off,NO EMI Plans,No offer Available,"₹24,999","APPLE iPhone 7 (Silver, 32 GB)",Iphone-7,4,"Nov, 2018"
72,Worth every penny.,Abhinav Srivastava,20% off,NO EMI Plans,No offer Available,"₹24,999","APPLE iPhone 7 (Silver, 32 GB)",Iphone-7,5,"Oct, 2016"
73,Classy product,Flipkart Customer,20% off,NO EMI Plans,No offer Available,"₹23,999","SAMSUNG Galaxy F62 (Laser Blue, 128 GB)  (6 GB RAM)",samsung,5,5 months ago
74,Super!,Gunit Singh Keer,20% off,NO EMI Plans,No offer Available,"₹24,999","APPLE iPhone 7 (Silver, 32 GB)",Iphone-7,5,"Oct, 2016"
75,Awesome,Kumar Abhishek,20% off,NO EMI Plans,No offer Available,"₹23,999","SAMSUNG Galaxy F62 (Laser Blue, 128 GB)  (6 GB RAM)",samsung,5,4 months ago
76,Classy product,Yash Aryan,20% off,NO EMI Plans,No offer Available,"₹23,999","SAMSUNG Galaxy F62 (Laser Blue, 128 GB)  (6 GB RAM)",samsung,5,5 months ago
77,Fabulous!,Naman Baraiya,20% off,NO EMI Plans,No offer Available,"₹23,999","SAMSUNG Galaxy F62 (Laser Blue, 128 GB)  (6 GB RAM)",samsung,5,2 months ago
78,Wonderful,Shailendra Gupta,20% off,NO EMI Plans,No offer Available,"₹24,999","APPLE iPhone 7 (Silver, 32 GB)",Iphone-7,5,"Feb, 2020"
79,Perfect iPhone,Sanjeet Desai,20% off,NO EMI Plans,No offer Available,"₹24,999","APPLE iPhone 7 (Silver, 32 GB)",Iphone-7,5,"Dec, 2019"
80,Highly recommended,Flipkart Customer,20% off,NO EMI Plans,No offer Available,"₹24,999","APPLE iPhone 7 (Silver, 32 GB)",Iphone-7,5,"May, 2017"
81,Simply awesome,PRASHANT TRIPATHI,20% off,NO EMI Plans,No offer Available,"₹23,999","SAMSUNG Galaxy F62 (Laser Blue, 128 GB)  (6 GB RAM)",samsung,5,2 months ago
82,Very Good,PRASHANT Mishra,20% off,NO EMI Plans,No offer Available,"₹23,999","SAMSUNG Galaxy F62 (Laser Blue, 128 GB)  (6 GB RAM)",samsung,4,5 months ago
83,good purchase,ANKUR VATSAL,16% off,NO EMI Plans,No offer Available,"₹12,499","SAMSUNG Galaxy F22 (Denim Blue, 64 GB)  (4 GB RAM)",samsung,4,26 days ago
84,Super!,appavu rajaganapathy,20% off,NO EMI Plans,No offer Available,"₹24,999","APPLE iPhone 7 (Silver, 32 GB)",Iphone-7,5,"Jul, 2020"
85,Really Nice,Suman Mondal,20% off,NO EMI Plans,No offer Available,"₹23,999","SAMSUNG Galaxy F62 (Laser Blue, 128 GB)  (6 GB RAM)",samsung,4,2 months ago
86,This is 7. But doesn't live upto expectations.,Rinse John,20% off,NO EMI Plans,No offer Available,"₹24,999","APPLE iPhone 7 (Silver, 32 GB)",Iphone-7,5,"Oct, 2016"
87,Worth every penny,Hemanta Sa,20% off,NO EMI Plans,No offer Available,"₹24,999","APPLE iPhone 7 (Gold, 32 GB)",Iphone-7,5,"Sep, 2019"
88,Happy and satisfied,Shrikant Thounaojam,20% off,NO EMI Plans,No offer Available,"₹24,999","APPLE iPhone 7 (Silver, 32 GB)",Iphone-7,5,"Oct, 2016"
89,Wonderful,Pallab Saha,16% off,NO EMI Plans,No offer Available,"₹12,499","SAMSUNG Galaxy F22 (Denim Blue, 64 GB)  (4 GB RAM)",samsung,4,25 days ago
90,Highly recommended,Bhanu Pratap,20% off,NO EMI Plans,No offer Available,"₹24,999","APPLE iPhone 7 (Silver, 32 GB)",Iphone-7,5,"Oct, 2019"
91,Awesome but don’t buy Matt black,Arun Kumar,20% off,NO EMI Plans,No offer Available,"₹24,999","APPLE iPhone 7 (Silver, 32 GB)",Iphone-7,5,"Sep, 2017"
92,iPhone 7 review,Vandana Gambhir,20% off,NO EMI Plans,No offer Available,"₹24,999","APPLE iPhone 7 (Silver, 32 GB)",Iphone-7,4,"Oct, 2016"
93,Honest review after 10 days usage,Shivkumar A,20% off,NO EMI Plans,No offer Available,"₹23,999","SAMSUNG Galaxy F62 (Laser Blue, 128 GB)  (6 GB RAM)",samsung,4,2 months ago
94,I am in love with iPhone 7 :),Flipkart Customer,20% off,NO EMI Plans,No offer Available,"₹24,999","APPLE iPhone 7 (Silver, 32 GB)",Iphone-7,5,"Oct, 2016"
95,Worth the money,Rachit Sachdeva,16% off,NO EMI Plans,No offer Available,"₹12,499","SAMSUNG Galaxy F22 (Denim Blue, 64 GB)  (4 GB RAM)",samsung,4,25 days ago
96,Perfect product!,Mayank Chaube,20% off,NO EMI Plans,No offer Available,"₹24,999","APPLE iPhone 7 (Gold, 32 GB)",Iphone-7,5,"Oct, 2018"
97,Excellent,Alok Rajput,20% off,NO EMI Plans,No offer Available,"₹24,999","APPLE iPhone 7 (Silver, 32 GB)",Iphone-7,5,"Dec, 2019"
98,Great Phone at Great Price,Gaurav Asija,20% off,NO EMI Plans,No offer Available,"₹24,999","APPLE iPhone 7 (Silver, 32 GB)",Iphone-7,5,"Jan, 2017"
99,Worth every penny,Puneet Lahori,20% off,NO EMI Plans,No offer Available,"₹24,999","APPLE iPhone 7 (Silver, 32 GB)",Iphone-7,5,"Jul, 2020"
100,Awesome,Kumar Abhishek,20% off,NO EMI Plans,No offer Available,"₹23,999","SAMSUNG Galaxy F62 (Laser Blue, 128 GB)  (6 GB RAM)",samsung,5,4 months ago
101,Did not meet expectations,PRANAV BHAGAT,20% off,NO EMI Plans,No offer Available,"₹23,999","SAMSUNG Galaxy F62 (Laser Blue, 128 GB)  (6 GB RAM)",samsung,1,3 months ago
102,Nice product,Suraj Singh,20% off,NO EMI Plans,No offer Available,"₹24,999","APPLE iPhone 7 (Silver, 32 GB)",Iphone-7,4,"Jan, 2020"
103,Worth the money,Pritish Pathak,20% off,NO EMI Plans,No offer Available,"₹23,999","SAMSUNG Galaxy F62 (Laser Blue, 128 GB)  (6 GB RAM)",samsung,4,4 months ago
104,Really Nice,Raj Deb,20% off,NO EMI Plans,No offer Available,"₹23,999","SAMSUNG Galaxy F62 (Laser Blue, 128 GB)  (6 GB RAM)",samsung,4,5months ago
105,Pretty good,suresh b,20% off,NO EMI Plans,No offer Available,"₹24,999","APPLE iPhone 7 (Gold, 32 GB)",Iphone-7,4,"Nov, 2018"
106,Good choice,Shuvajit Saha,20% off,NO EMI Plans,No offer Available,"₹23,999","SAMSUNG Galaxy F62 (Laser Blue, 128 GB)  (6 GB RAM)",samsung,4,2 months ago
107,Hated it! Not at all comfortable to hold in hand,Chetan Patil,20% off,NO EMI Plans,No offer Available,"₹23,999","SAMSUNG Galaxy F62 (Laser Blue, 128 GB)  (6 GB RAM)",samsung,1,5 months ago
108,Best in the market!,Hiranyanabh Pandey,20% off,NO EMI Plans,No offer Available,"₹23,999","SAMSUNG Galaxy F62 (Laser Blue, 128 GB)  (6 GB RAM)",samsung,5,4 months ago
109,Perfect product!,Keshav Rajarshi,20% off,NO EMI Plans,No offer Available,"₹23,999","SAMSUNG Galaxy F62 (Laser Blue, 128 GB)  (6 GB RAM)",samsung,5,4 months ago
110,Gorgeous black,Nikunj Gupta,20% off,NO EMI Plans,No offer Available,"₹24,999","APPLE iPhone 7 (Silver, 32 GB)",Iphone-7,5,"Oct, 2016"
111,Awesome phone & faster delivery.Flipkart Rocks,PREM KEDIA,20% off,NO EMI Plans,No offer Available,"₹24,999","APPLE iPhone 7 (Silver, 32 GB)",Iphone-7,5,"Oct, 2016"
112,Wonderful,Rakshit,20% off,NO EMI Plans,No offer Available,"₹24,999","APPLE iPhone 7 (Silver, 32 GB)",Iphone-7,5,"Jan, 2017"
113,Perfect product!,Mayank Chaube,20% off,NO EMI Plans,No offer Available,"₹24,999","APPLE iPhone 7 (Silver, 32 GB)",Iphone-7,5,"Oct, 2018"
114,Must buy!,Ezzazuddin Huseni,20% off,NO EMI Plans,No offer Available,"₹24,999","APPLE iPhone 7 (Silver, 32 GB)",Iphone-7,5,"Oct, 2019"
115,Worth every bit of penny!,Deepthi Nidwannaya,20% off,NO EMI Plans,No offer Available,"₹24,999","APPLE iPhone 7 (Silver, 32 GB)",Iphone-7,5,"Oct, 2016"
116,Terrific,RAVI RAJ PRAKASH,20% off,NO EMI Plans,No offer Available,"₹23,999","SAMSUNG Galaxy F62 (Laser Blue, 128 GB)  (6 GB RAM)",samsung,5,5 months ago
117,Must buy!,Ezzazuddin Huseni,20% off,NO EMI Plans,No offer Available,"₹24,999","APPLE iPhone 7 (Gold, 32 GB)",Iphone-7,5,"Oct, 2019"
118,Terrific purchase,Akshat Gupta,20% off,NO EMI Plans,No offer Available,"₹24,999","APPLE iPhone 7 (Silver, 32 GB)",Iphone-7,5,"Dec, 2016"
119,Really Nice,Harsh Patel,20% off,NO EMI Plans,No offer Available,"₹23,999","SAMSUNG Galaxy F62 (Laser Blue, 128 GB)  (6 GB RAM)",samsung,4,5 months ago
120,Just wow!,Eshan RJ,20% off,NO EMI Plans,No offer Available,"₹23,999","SAMSUNG Galaxy F62 (Laser Blue, 128 GB)  (6 GB RAM)",samsung,5,4 months ago
121,Expected a better product,Mevert Lyngdoh,20% off,NO EMI Plans,No offer Available,"₹23,999","SAMSUNG Galaxy F62 (Laser Blue, 128 GB)  (6 GB RAM)",samsung,2,3 months ago
122,Really Nice,Suman Mondal,20% off,NO EMI Plans,No offer Available,"₹23,999","SAMSUNG Galaxy F62 (Laser Blue, 128 GB)  (6 GB RAM)",samsung,4,2months ago
123,Amazing job by Flipkart!,Chander Bhan,20% off,NO EMI Plans,No offer Available,"₹24,999","APPLE iPhone 7 (Silver, 32 GB)",Iphone-7,5,"Oct, 2016"
124,Worth the money,Roshan Jain,20% off,NO EMI Plans,No offer Available,"₹24,999","APPLE iPhone 7 (Silver, 32 GB)",Iphone-7,4,"Oct, 2018"
125,Wonderful,Sparsh Gupta,20% off,NO EMI Plans,No offer Available,"₹24,999","APPLE iPhone 7 (Silver, 32 GB)",Iphone-7,4,"Jan, 2018"
126,Mind-blowing purchase,Aniket Kumar,16% off,NO EMI Plans,No offer Available,"₹12,499","SAMSUNG Galaxy F22 (Denim Blue, 64 GB)  (4 GB RAM)",samsung,5,27 days ago
127,Must buy!,Ezzazuddin Huseni,20% off,NO EMI Plans,No offer Available,"₹24,999","APPLE iPhone 7 (Gold, 32 GB)",Iphone-7,5,"Oct, 2019"
128,Great product,Murchhana Grahacharya,20% off,NO EMI Plans,No offer Available,"₹23,999","SAMSUNG Galaxy F62 (Laser Blue, 128 GB)  (6 GB RAM)",samsung,5,4 months ago
129,Pretty good,Flipkart Customer,20% off,NO EMI Plans,No offer Available,"₹24,999","APPLE iPhone 7 (Silver, 32 GB)",Iphone-7,4,"Nov, 2019"
130,Awesome,Pramod Nani,20% off,NO EMI Plans,No offer Available,"₹24,999","APPLE iPhone 7 (Silver, 32 GB)",Iphone-7,5,"Feb, 2019"
131,Delightful,Santhosh Gavvala,20% off,NO EMI Plans,No offer Available,"₹23,999","SAMSUNG Galaxy F62 (Laser Blue, 128 GB)  (6 GB RAM)",samsung,4,4 months ago
132,Worthy upgrade from iPhone 6,Kiran Chaluvaiah,20% off,NO EMI Plans,No offer Available,"₹24,999","APPLE iPhone 7 (Silver, 32 GB)",Iphone-7,4,"Oct, 2016"
133,Must buy!,Ezzazuddin Huseni,20% off,NO EMI Plans,No offer Available,"₹24,999","APPLE iPhone 7 (Gold, 32 GB)",Iphone-7,5,"Oct, 2019"
134,Terrific,Ram Nikhil,20% off,NO EMI Plans,No offer Available,"₹23,999","SAMSUNG Galaxy F62 (Laser Blue, 128 GB)  (6 GB RAM)",samsung,5,4 months ago
135,Pretty good,Ramesh Ramu,20% off,NO EMI Plans,No offer Available,"₹24,999","APPLE iPhone 7 (Silver, 32 GB)",Iphone-7,4,"Jan, 2020"
136,Highly recommended,Anand Soni,20% off,NO EMI Plans,No offer Available,"₹23,999","SAMSUNG Galaxy F62 (Laser Blue, 128 GB)  (6 GB RAM)",samsung,5,4 months ago
137,Great product,VISHAL VISHWAKARMA,20% off,NO EMI Plans,No offer Available,"₹23,999","SAMSUNG Galaxy F62 (Laser Blue, 128 GB)  (6 GB RAM)",samsung,5,5 months ago
138,Does the job,Flipkart Customer,20% off,NO EMI Plans,No offer Available,"₹23,999","SAMSUNG Galaxy F62 (Laser Blue, 128 GB)  (6 GB RAM)",samsung,3,5 months ago
139,Simply awesome,Pradeesh .,20% off,NO EMI Plans,No offer Available,"₹23,999","SAMSUNG Galaxy F62 (Laser Blue, 128 GB)  (6 GB RAM)",samsung,5,5 months ago
140,Best in the market!,Amit Singh,20% off,NO EMI Plans,No offer Available,"₹23,999","SAMSUNG Galaxy F62 (Laser Blue, 128 GB)  (6 GB RAM)",samsung,5,2 months ago
141,Terrific purchase,Shartul Kumar,20% off,NO EMI Plans,No offer Available,"₹24,999","APPLE iPhone 7 (Silver, 32 GB)",Iphone-7,5,"Dec, 2018"
142,Great experience,Flipkart Customer,20% off,NO EMI Plans,No offer Available,"₹24,999","APPLE iPhone 7 (Silver, 32 GB)",Iphone-7,5,"Mar, 2017"
143,Awesome,Shariq Ahmad Beigh,20% off,NO EMI Plans,No offer Available,"₹24,999","APPLE iPhone 7 (Silver, 32 GB)",Iphone-7,5,"Oct, 2016"
144,good purchase,ANKUR VATSAL,16% off,NO EMI Plans,No offer Available,"₹12,499","SAMSUNG Galaxy F22 (Denim Blue, 64 GB)  (4 GB RAM)",samsung,4,25 days ago
145,Simply awesome,Madhavray Gachchhar,20% off,NO EMI Plans,No offer Available,"₹24,999","APPLE iPhone 7 (Silver, 32 GB)",Iphone-7,5,"Oct, 2019"
146,Worth the money,Rojalin Mishra,20% off,NO EMI Plans,No offer Available,"₹24,999","APPLE iPhone 7 (Silver, 32 GB)",Iphone-7,4,1 month ago
147,"Great phone, missing headphone jack aside.",Keyur Desai,20% off,NO EMI Plans,No offer Available,"₹24,999","APPLE iPhone 7 (Silver, 32 GB)",Iphone-7,5,"Oct, 2016"
148,Worth the money,Swapnendu Pramanik,20% off,NO EMI Plans,No offer Available,"₹23,999","SAMSUNG Galaxy F62 (Laser Blue, 128 GB)  (6 GB RAM)",samsung,4,2 months ago
149,Simply awesome,Anish Singh,20% off,NO EMI Plans,No offer Available,"₹24,999","APPLE iPhone 7 (Silver, 32 GB)",Iphone-7,5,"Jul, 2020"
150,Mind-blowing purchase,Aniket Kumar,16% off,NO EMI Plans,No offer Available,"₹12,499","SAMSUNG Galaxy F22 (Denim Blue, 64 GB)  (4 GB RAM)",samsung,5,27 days ago
151,Brilliant,Sayanti Chakraborty,20% off,NO EMI Plans,No offer Available,"₹24,999","APPLE iPhone 7 (Silver, 32 GB)",Iphone-7,5,"Jul, 2017"
152,good more then expected.,aman kag,20% off,NO EMI Plans,No offer Available,"₹24,999","APPLE iPhone 7 (Silver, 32 GB)",Iphone-7,5,"Jun, 2017"
153,Pretty good,suresh b,20% off,NO EMI Plans,No offer Available,"₹24,999","APPLE iPhone 7 (Silver, 32 GB)",Iphone-7,4,"Nov, 2018"
154,My first proper iDevice,Harshit Shukla,20% off,NO EMI Plans,No offer Available,"₹24,999","APPLE iPhone 7 (Silver, 32 GB)",Iphone-7,5,"Nov, 2016"
155,Worth every penny,Hemanta Sa,20% off,NO EMI Plans,No offer Available,"₹24,999","APPLE iPhone 7 (Gold, 32 GB)",Iphone-7,5,"Sep, 2019"
156,A Cute Little Stealthy Black Beast,Pratik Kumar,20% off,NO EMI Plans,No offer Available,"₹24,999","APPLE iPhone 7 (Silver, 32 GB)",Iphone-7,5,"Oct, 2016"
157,Worth every penny,Divakar,20% off,NO EMI Plans,No offer Available,"₹24,999","APPLE iPhone 7 (Silver, 32 GB)",Iphone-7,5,"Oct, 2019"
158,Good choice,Flipkart Customer,20% off,NO EMI Plans,No offer Available,"₹23,999","SAMSUNG Galaxy F62 (Laser Blue, 128 GB)  (6 GB RAM)",samsung,4,4 months ago
159,Wonderful,Pallab Saha,16% off,NO EMI Plans,No offer Available,"₹12,499","SAMSUNG Galaxy F22 (Denim Blue, 64 GB)  (4 GB RAM)",samsung,4,25 days ago
160,Value-for-money,Amet S Kumar,20% off,NO EMI Plans,No offer Available,"₹23,999","SAMSUNG Galaxy F62 (Laser Blue, 128 GB)  (6 GB RAM)",samsung,4,2 months ago
161,Wonderful,Somdutta Mondal,20% off,NO EMI Plans,No offer Available,"₹23,999","SAMSUNG Galaxy F62 (Laser Blue, 128 GB)  (6 GB RAM)",samsung,4,5 months ago
162,Wonderful,Pallab Saha,16% off,NO EMI Plans,No offer Available,"₹12,499","SAMSUNG Galaxy F22 (Denim Blue, 64 GB)  (4 GB RAM)",samsung,4,25 days ago
163,Super!,Rahul Sharma,20% off,NO EMI Plans,No offer Available,"₹24,999","APPLE iPhone 7 (Silver, 32 GB)",Iphone-7,5,"Dec, 2019"
164,Terrific purchase,Satej,20% off,NO EMI Plans,No offer Available,"₹24,999","APPLE iPhone 7 (Silver, 32 GB)",Iphone-7,5,"Jan, 2018"
165,Awesome,Shariq Ahmad Beigh,20% off,NO EMI Plans,No offer Available,"₹24,999","APPLE iPhone 7 (Gold, 32 GB)",Iphone-7,5,"Oct, 2016"
166,Super!,Arjunanand Sivasankaran,20% off,NO EMI Plans,No offer Available,"₹24,999","APPLE iPhone 7 (Silver, 32 GB)",Iphone-7,5,"Oct, 2017"
167,Simply awesome,Lalasaheb Patil,20% off,NO EMI Plans,No offer Available,"₹24,999","APPLE iPhone 7 (Silver, 32 GB)",Iphone-7,5,"Oct, 2016"
168,iPhone 7 is a must buy.,Palak Zatakia,20% off,NO EMI Plans,No offer Available,"₹24,999","APPLE iPhone 7 (Silver, 32 GB)",Iphone-7,5,"Oct, 2016"
169,Pretty good,shakik Ahamed,20% off,NO EMI Plans,No offer Available,"₹23,999","SAMSUNG Galaxy F62 (Laser Blue, 128 GB)  (6 GB RAM)",samsung,4,5 months ago
170,Expected a better product,Mevert Lyngdoh,20% off,NO EMI Plans,No offer Available,"₹23,999","SAMSUNG Galaxy F62 (Laser Blue, 128 GB)  (6 GB RAM)",samsung,2,3 months ago
171,Great product,Murchhana Grahacharya,20% off,NO EMI Plans,No offer Available,"₹23,999","SAMSUNG Galaxy F62 (Laser Blue, 128 GB)  (6 GB RAM)",samsung,5,4 months ago
172,Wonderful,Sai Harish,No Discount,NO EMI Plans,No offer Available,"₹49,999","APPLE iPhone 6 (Gold, 128 GB)",iphone6,5,"Nov, 2018"
173,The Next Level of Pure Awesomeness,Jitendra Choudhary,20% off,NO EMI Plans,No offer Available,"₹24,999","APPLE iPhone 7 (Silver, 32 GB)",Iphone-7,5,"Oct, 2016"
174,Really Nice,Suman Mondal,20% off,NO EMI Plans,No offer Available,"₹23,999","SAMSUNG Galaxy F62 (Laser Blue, 128 GB)  (6 GB RAM)",samsung,4,2 months ago
175,Genuine & the best !!,Flipkart Customer,20% off,NO EMI Plans,No offer Available,"₹24,999","APPLE iPhone 7 (Silver, 32 GB)",Iphone-7,5,"Oct, 2017"
176,I'm lovin it!!,Vikas Gupta,20% off,NO EMI Plans,No offer Available,"₹24,999","APPLE iPhone 7 (Silver, 32 GB)",Iphone-7,5,"Oct, 2016"
177,Flipkart is very good way to buy any products,Jasbir Kumar Gandass,20% off,NO EMI Plans,No offer Available,"₹24,999","APPLE iPhone 7 (Silver, 32 GB)",Iphone-7,5,"Oct, 2016"
178,Iphone7 black.,Flipkart Customer,20% off,NO EMI Plans,No offer Available,"₹24,999","APPLE iPhone 7 (Silver, 32 GB)",Iphone-7,4,"Oct, 2016"
179,Absolute rubbish!,Rahul M,20% off,NO EMI Plans,No offer Available,"₹23,999","SAMSUNG Galaxy F62 (Laser Blue, 128 GB)  (6 GB RAM)",samsung,1,5 months ago
180,Awesome phone - Awesome Flipkart,Santosh Subba,20% off,NO EMI Plans,No offer Available,"₹24,999","APPLE iPhone 7 (Silver, 32 GB)",Iphone-7,5,"May, 2017"
181,Awesome,Kartavya Partap Singh,20% off,NO EMI Plans,No offer Available,"₹24,999","APPLE iPhone 7 (Silver, 32 GB)",Iphone-7,5,"Dec, 2017"
182,Superb and stylish!,Ullas,20% off,NO EMI Plans,No offer Available,"₹24,999","APPLE iPhone 7 (Silver, 32 GB)",Iphone-7,5,"Oct, 2016"
183,Best phone even in 2018.,Flipkart Customer,20% off,NO EMI Plans,No offer Available,"₹24,999","APPLE iPhone 7 (Silver, 32 GB)",Iphone-7,5,"Feb, 2018"
184,Delightful,Parvej Akhtar,20% off,NO EMI Plans,No offer Available,"₹23,999","SAMSUNG Galaxy F62 (Laser Blue, 128 GB)  (6 GB RAM)",samsung,4,4 months ago
185,Amazing Little phone,Vikas Mehta,20% off,NO EMI Plans,No offer Available,"₹24,999","APPLE iPhone 7 (Silver, 32 GB)",Iphone-7,5,"Feb, 2017"
186,Best in the market!,kaustubh chitnis,20% off,NO EMI Plans,No offer Available,"₹24,999","APPLE iPhone 7 (Silver, 32 GB)",Iphone-7,5,"Apr, 2017"
187,Classy product,Flipkart Customer,20% off,NO EMI Plans,No offer Available,"₹23,999","SAMSUNG Galaxy F62 (Laser Blue, 128 GB)  (6 GB RAM)",samsung,5,3 months ago
188,Confused | Heating | Few frame drops on normal usage,vinay kumar,20% off,NO EMI Plans,No offer Available,"₹23,999","SAMSUNG Galaxy F62 (Laser Blue, 128 GB)  (6 GB RAM)",samsung,3,5 months ago
189,Mind-blowing purchase,Abhishek Soni,20% off,NO EMI Plans,No offer Available,"₹23,999","SAMSUNG Galaxy F62 (Laser Blue, 128 GB)  (6 GB RAM)",samsung,5,3 months ago
190,Happiest customer.,Sajankumar Vijayan,20% off,NO EMI Plans,No offer Available,"₹24,999","APPLE iPhone 7 (Silver, 32 GB)",Iphone-7,5,"Jun, 2017"
191,Worth every penny,Akash MM,20% off,NO EMI Plans,No offer Available,"₹23,999","SAMSUNG Galaxy F62 (Laser Blue, 128 GB)  (6 GB RAM)",samsung,5,2 months ago
192,Horrible,Deepanshu Pathania,20% off,NO EMI Plans,No offer Available,"₹23,999","SAMSUNG Galaxy F62 (Laser Blue, 128 GB)  (6 GB RAM)",samsung,1,2 months ago
193,Terrific,Parampal Singh,20% off,NO EMI Plans,No offer Available,"₹24,999","APPLE iPhone 7 (Silver, 32 GB)",Iphone-7,5,"Mar, 2017"
194,Good choice,Rajvi Modi,20% off,NO EMI Plans,No offer Available,"₹24,999","APPLE iPhone 7 (Silver, 32 GB)",Iphone-7,4,"Mar, 2019"
195,Wonderful,Flipkart Customer,20% off,NO EMI Plans,No offer Available,"₹23,999","SAMSUNG Galaxy F62 (Laser Blue, 128 GB)  (6 GB RAM)",samsung,5,5 months ago
196,Perfect product!,Naveen Pandey,20% off,NO EMI Plans,No offer Available,"₹24,999","APPLE iPhone 7 (Silver, 32 GB)",Iphone-7,5,"Mar, 2019"
197,Excellent product quality & condition by Flipkart,Tanmay Joshi,20% off,NO EMI Plans,No offer Available,"₹24,999","APPLE iPhone 7 (Silver, 32 GB)",Iphone-7,5,"Jan, 2018"
198,i (for ideal) phone,Saurabh Majumdar,20% off,NO EMI Plans,No offer Available,"₹24,999","APPLE iPhone 7 (Silver, 32 GB)",Iphone-7,5,"Oct, 2016"
199,Great product,VISHAL VISHWAKARMA,20% off,NO EMI Plans,No offer Available,"₹23,999","SAMSUNG Galaxy F62 (Laser Blue, 128 GB)  (6 GB RAM)",samsung,5,5 months ago
200,Awesome,Gagandeep singh,20% off,NO EMI Plans,No offer Available,"₹24,999","APPLE iPhone 7 (Silver, 32 GB)",Iphone-7,5,"Dec, 2017"
201,Mind-blowing purchase,Anish Sen,20% off,NO EMI Plans,No offer Available,"₹23,999","SAMSUNG Galaxy F62 (Laser Blue, 128 GB)  (6 GB RAM)",samsung,5,5 months ago
202,Worth buy,Anubhav Agarwal,20% off,NO EMI Plans,No offer Available,"₹24,999","APPLE iPhone 7 (Silver, 32 GB)",Iphone-7,4,"Oct, 2016"
203,Wonderful,Vijendra Mishra,20% off,NO EMI Plans,No offer Available,"₹24,999","APPLE iPhone 7 (Silver, 32 GB)",Iphone-7,4,"Oct, 2016"
204,Worth every penny,Gautam Choudhary,20% off,NO EMI Plans,No offer Available,"₹24,999","APPLE iPhone 7 (Silver, 32 GB)",Iphone-7,5,"Oct, 2019"
205,Excellent,Mukul Sharma,20% off,NO EMI Plans,No offer Available,"₹24,999","APPLE iPhone 7 (Silver, 32 GB)",Iphone-7,5,"Dec, 2019"
206,Great product,Flipkart Customer,20% off,NO EMI Plans,No offer Available,"₹24,999","APPLE iPhone 7 (Silver, 32 GB)",Iphone-7,5,"Oct, 2016"
207,Delightful,Govind Sharma,20% off,NO EMI Plans,No offer Available,"₹23,999","SAMSUNG Galaxy F62 (Laser Blue, 128 GB)  (6 GB RAM)",samsung,4,5 months ago
208,Fabulous!,Ragesh Rajagopalan,20% off,NO EMI Plans,No offer Available,"₹24,999","APPLE iPhone 7 (Silver, 32 GB)",Iphone-7,5,"Oct, 2016"
209,Really Nice,Raj Deb,20% off,NO EMI Plans,No offer Available,"₹23,999","SAMSUNG Galaxy F62 (Laser Blue, 128 GB)  (6 GB RAM)",samsung,4,5 months ago
210,3 Cheers For Flipkart Iphone 7,Nishan Sanghrajka,20% off,NO EMI Plans,No offer Available,"₹24,999","APPLE iPhone 7 (Silver, 32 GB)",Iphone-7,5,"Oct, 2017"
211,Delightful,Samrat Roy,20% off,NO EMI Plans,No offer Available,"₹24,999","APPLE iPhone 7 (Silver, 32 GB)",Iphone-7,4,"May, 2020"
212,Useless product,Rony Mathew,20% off,NO EMI Plans,No offer Available,"₹24,999","APPLE iPhone 7 (Silver, 32 GB)",Iphone-7,1,"Dec, 2016"
213,Really Nice,Raj Deb,20% off,NO EMI Plans,No offer Available,"₹23,999","SAMSUNG Galaxy F62 (Laser Blue, 128 GB)  (6 GB RAM)",samsung,4,5 months ago
214,True iPhone experience,Ashay Varadkar,20% off,NO EMI Plans,No offer Available,"₹24,999","APPLE iPhone 7 (Silver, 32 GB)",Iphone-7,5,"Jun, 2017"
215,Good quality product,Areeba Hussain,20% off,NO EMI Plans,No offer Available,"₹24,999","APPLE iPhone 7 (Silver, 32 GB)",Iphone-7,4,"Jan, 2020"
216,Apple countinues to outperform with its new masterpiece,Aftab Mulla,20% off,NO EMI Plans,No offer Available,"₹24,999","APPLE iPhone 7 (Silver, 32 GB)",Iphone-7,5,"Oct, 2016"
217,Worth every penny,Devinder Kumar,20% off,NO EMI Plans,No offer Available,"₹23,999","SAMSUNG Galaxy F62 (Laser Blue, 128 GB)  (6 GB RAM)",samsung,5,5 months ago
218,Nice product,Mohd Yasir,16% off,NO EMI Plans,No offer Available,"₹12,499","SAMSUNG Galaxy F22 (Denim Blue, 64 GB)  (4 GB RAM)",samsung,4,24 days ago
219,Worth the money,Flipkart Customer,20% off,NO EMI Plans,No offer Available,"₹23,999","SAMSUNG Galaxy F62 (Laser Blue, 128 GB)  (6 GB RAM)",samsung,4,4 months ago
220,Really Nice,Suman Mondal,20% off,NO EMI Plans,No offer Available,"₹23,999","SAMSUNG Galaxy F62 (Laser Blue, 128 GB)  (6 GB RAM)",samsung,4,2 months ago
221,Good buy and I am happy with my phone,Rajshree Agrawal,20% off,NO EMI Plans,No offer Available,"₹24,999","APPLE iPhone 7 (Silver, 32 GB)",Iphone-7,5,"Aug, 2017"
222,Fully satisfied!!!,Navin Bhatt,20% off,NO EMI Plans,No offer Available,"₹24,999","APPLE iPhone 7 (Silver, 32 GB)",Iphone-7,5,"Sep, 2017"
223,Really Nice,Suman Mondal,20% off,NO EMI Plans,No offer Available,"₹23,999","SAMSUNG Galaxy F62 (Laser Blue, 128 GB)  (6 GB RAM)",samsung,4,2 months ago
224,Terrific,priyanshu kumar,20% off,NO EMI Plans,No offer Available,"₹23,999","SAMSUNG Galaxy F62 (Laser Blue, 128 GB)  (6 GB RAM)",samsung,5,1 month ago
225,Terrific,MohitG,20% off,NO EMI Plans,No offer Available,"₹24,999","APPLE iPhone 7 (Silver, 32 GB)",Iphone-7,5,"Jun, 2017"
226,Bye bye andriod,Chandrashekhar Raut,20% off,NO EMI Plans,No offer Available,"₹24,999","APPLE iPhone 7 (Silver, 32 GB)",Iphone-7,5,"Jul, 2017"
227,"Fastest delivery, very much satisfied",Yeshwanth N,20% off,NO EMI Plans,No offer Available,"₹24,999","APPLE iPhone 7 (Silver, 32 GB)",Iphone-7,5,"Oct, 2016"
228,Worth of upgrade,Kshitij Sharma,20% off,NO EMI Plans,No offer Available,"₹24,999","APPLE iPhone 7 (Silver, 32 GB)",Iphone-7,5,"Oct, 2017"
229,Must buy!,Santosh G,20% off,NO EMI Plans,No offer Available,"₹23,999","SAMSUNG Galaxy F62 (Laser Blue, 128 GB)  (6 GB RAM)",samsung,5,2 months ago
230,Wonderful,Somdutta Mondal,20% off,NO EMI Plans,No offer Available,"₹23,999","SAMSUNG Galaxy F62 (Laser Blue, 128 GB)  (6 GB RAM)",samsung,4,5 months ago
231,IPhone,Dr. Soham Prajapati,20% off,NO EMI Plans,No offer Available,"₹24,999","APPLE iPhone 7 (Silver, 32 GB)",Iphone-7,5,"Jun, 2017"
232,Superb product and fantastic service by Flipkart !,Flipkart Customer,20% off,NO EMI Plans,No offer Available,"₹24,999","APPLE iPhone 7 (Silver, 32 GB)",Iphone-7,5,"Oct, 2016"
233,Pretty good,Vinod Kumar,20% off,NO EMI Plans,No offer Available,"₹23,999","SAMSUNG Galaxy F62 (Laser Blue, 128 GB)  (6 GB RAM)",samsung,4,2 months ago
234,Best in the market!,Jay Nimavat,20% off,NO EMI Plans,No offer Available,"₹24,999","APPLE iPhone 7 (Silver, 32 GB)",Iphone-7,5,"Oct, 2019"
235,Worth buying it,himanshu sachdeva,20% off,NO EMI Plans,No offer Available,"₹24,999","APPLE iPhone 7 (Silver, 32 GB)",Iphone-7,4,"Oct, 2016"
236,Terrific,Flipkart Customer,20% off,NO EMI Plans,No offer Available,"₹24,999","APPLE iPhone 7 (Silver, 32 GB)",Iphone-7,5,"Oct, 2018"
237,Delightful,Siddharth Behera,20% off,NO EMI Plans,No offer Available,"₹23,999","SAMSUNG Galaxy F62 (Laser Blue, 128 GB)  (6 GB RAM)",samsung,4,3 months ago
238,Fair,Flipkart Customer,20% off,NO EMI Plans,No offer Available,"₹23,999","SAMSUNG Galaxy F62 (Laser Blue, 128 GB)  (6 GB RAM)",samsung,3,3 months ago
239,Worth every penny,SONIKA KUMARI,20% off,NO EMI Plans,No offer Available,"₹23,999","SAMSUNG Galaxy F62 (Laser Blue, 128 GB)  (6 GB RAM)",samsung,5,4 months ago
240,Best iPhone ever,Flipkart Customer,20% off,NO EMI Plans,No offer Available,"₹24,999","APPLE iPhone 7 (Silver, 32 GB)",Iphone-7,5,"Oct, 2016"
241,Really Nice,Suman Mondal,20% off,NO EMI Plans,No offer Available,"₹23,999","SAMSUNG Galaxy F62 (Laser Blue, 128 GB)  (6 GB RAM)",samsung,4,2 months ago
242,Really Nice,Suman Mondal,20% off,NO EMI Plans,No offer Available,"₹23,999","SAMSUNG Galaxy F62 (Laser Blue, 128 GB)  (6 GB RAM)",samsung,4,2 months ago
243,Fast!,Flipkart Customer,20% off,NO EMI Plans,No offer Available,"₹24,999","APPLE iPhone 7 (Silver, 32 GB)",Iphone-7,5,"Sep, 2017"
244,Pretty good,suresh b,20% off,NO EMI Plans,No offer Available,"₹24,999","APPLE iPhone 7 (Gold, 32 GB)",Iphone-7,4,"Nov, 2018"
245,"IF U DON'T HAVE AN IPHONE, WELL U DON'T AN IPHONE.",SANCHIT NAGVENKAR,20% off,NO EMI Plans,No offer Available,"₹24,999","APPLE iPhone 7 (Silver, 32 GB)",Iphone-7,5,"Dec, 2016"
246,Good choice,Abhishek Kumar,20% off,NO EMI Plans,No offer Available,"₹23,999","SAMSUNG Galaxy F62 (Laser Blue, 128 GB)  (6 GB RAM)",samsung,4,5 months ago
247,Sleeker than ever,Nishant Tiwari,20% off,NO EMI Plans,No offer Available,"₹24,999","APPLE iPhone 7 (Silver, 32 GB)",Iphone-7,5,"Mar, 2018"
248,Terrific,Rohit Karati,20% off,NO EMI Plans,No offer Available,"₹23,999","SAMSUNG Galaxy F62 (Laser Blue, 128 GB)  (6 GB RAM)",samsung,5,4 months ago
249,Beautiful beast.,Monu Verma,20% off,NO EMI Plans,No offer Available,"₹24,999","APPLE iPhone 7 (Silver, 32 GB)",Iphone-7,5,"Sep, 2017"
250,Really Nice,Suman Mondal,20% off,NO EMI Plans,No offer Available,"₹23,999","SAMSUNG Galaxy F62 (Laser Blue, 128 GB)  (6 GB RAM)",samsung,4,2 months ago
251,Simply awesome,ASHISH KANDPAL,20% off,NO EMI Plans,No offer Available,"₹23,999","SAMSUNG Galaxy F62 (Laser Blue, 128 GB)  (6 GB RAM)",samsung,5,3 months ago
252,Not recommended at all,NIRANJAN Toshniwal,20% off,NO EMI Plans,No offer Available,"₹23,999","SAMSUNG Galaxy F62 (Laser Blue, 128 GB)  (6 GB RAM)",samsung,1,2 months ago
253,Thanx flipkart for iphone 7,Jaswant Raj,20% off,NO EMI Plans,No offer Available,"₹24,999","APPLE iPhone 7 (Silver, 32 GB)",Iphone-7,5,"Nov, 2017"
254,Highly recommended,Kushal Chakraborty,20% off,NO EMI Plans,No offer Available,"₹23,999","SAMSUNG Galaxy F62 (Laser Blue, 128 GB)  (6 GB RAM)",samsung,5,2 months ago
255,Awesome piece of art to be used in Earth,Amit Sankrani,20% off,NO EMI Plans,No offer Available,"₹24,999","APPLE iPhone 7 (Silver, 32 GB)",Iphone-7,5,"Jan, 2017"
256,Really Nice,Raj Deb,20% off,NO EMI Plans,No offer Available,"₹23,999","SAMSUNG Galaxy F62 (Laser Blue, 128 GB)  (6 GB RAM)",samsung,4,5 months ago
257,My new iPhone..!!,Ravi Chauhan,20% off,NO EMI Plans,No offer Available,"₹24,999","APPLE iPhone 7 (Silver, 32 GB)",Iphone-7,5,"Oct, 2016"
258,Just wow!,Debajyoti Mondal,20% off,NO EMI Plans,No offer Available,"₹23,999","SAMSUNG Galaxy F62 (Laser Blue, 128 GB)  (6 GB RAM)",samsung,5,2 months ago
259,Just wow!,Swarnendu Bose,20% off,NO EMI Plans,No offer Available,"₹23,999","SAMSUNG Galaxy F62 (Laser Blue, 128 GB)  (6 GB RAM)",samsung,5,5 months ago
260,TOOOO GOOOOOOD !!!!!!,Flipkart Customer,20% off,NO EMI Plans,No offer Available,"₹24,999","APPLE iPhone 7 (Silver, 32 GB)",Iphone-7,5,"Oct, 2016"
261,Simply awesome,Vicky,20% off,NO EMI Plans,No offer Available,"₹24,999","APPLE iPhone 7 (Silver, 32 GB)",Iphone-7,5,"Oct, 2017"
262,The beast,Aditya Sehgal,20% off,NO EMI Plans,No offer Available,"₹24,999","APPLE iPhone 7 (Silver, 32 GB)",Iphone-7,5,"May, 2017"
263,Awesome,Flipkart Customer,20% off,NO EMI Plans,No offer Available,"₹24,999","APPLE iPhone 7 (Silver, 32 GB)",Iphone-7,5,"Oct, 2016"
264,Awesome,Twinkle Sirola,20% off,NO EMI Plans,No offer Available,"₹24,999","APPLE iPhone 7 (Silver, 32 GB)",Iphone-7,5,"Jun, 2017"
265,My New iPhone7,Muttaqi Ahmed,20% off,NO EMI Plans,No offer Available,"₹24,999","APPLE iPhone 7 (Silver, 32 GB)",Iphone-7,5,"Oct, 2016"
266,Great product,Shankul Mhalsekar,20% off,NO EMI Plans,No offer Available,"₹24,999","APPLE iPhone 7 (Silver, 32 GB)",Iphone-7,5,"Oct, 2019"
267,Brilliant,Sayantan Halder,20% off,NO EMI Plans,No offer Available,"₹24,999","APPLE iPhone 7 (Silver, 32 GB)",Iphone-7,5,"May, 2017"
268,Really Nice,Raj Deb,20% off,NO EMI Plans,No offer Available,"₹23,999","SAMSUNG Galaxy F62 (Laser Blue, 128 GB)  (6 GB RAM)",samsung,4,5 months ago
269,Kudos,Chetan gupta,20% off,NO EMI Plans,No offer Available,"₹24,999","APPLE iPhone 7 (Silver, 32 GB)",Iphone-7,5,"Jan, 2018"
270,Very Good must buy at such price,aimana md,20% off,NO EMI Plans,No offer Available,"₹24,999","APPLE iPhone 7 (Silver, 32 GB)",Iphone-7,4,"Oct, 2019"
271,Highly recommended,Shubham Singh,20% off,NO EMI Plans,No offer Available,"₹23,999","SAMSUNG Galaxy F62 (Laser Blue, 128 GB)  (6 GB RAM)",samsung,5,3 months ago
272,The pretty powerhouse in your hand,Sumit Kumar,20% off,NO EMI Plans,No offer Available,"₹24,999","APPLE iPhone 7 (Silver, 32 GB)",Iphone-7,5,"Oct, 2016"
273,Really Nice,Raj Deb,20% off,NO EMI Plans,No offer Available,"₹23,999","SAMSUNG Galaxy F62 (Laser Blue, 128 GB)  (6 GB RAM)",samsung,4,5 months ago
274,Worth every penny,Sayantan Sarkar,20% off,NO EMI Plans,No offer Available,"₹23,999","SAMSUNG Galaxy F62 (Laser Blue, 128 GB)  (6 GB RAM)",samsung,5,2 months ago
275,Iphone 7 Can handle my speed,Bhikshapathi K,20% off,NO EMI Plans,No offer Available,"₹24,999","APPLE iPhone 7 (Silver, 32 GB)",Iphone-7,5,"May, 2017"
276,Mind-blowing purchase,Vishwajit Ranjeet gangane Gangane,20% off,NO EMI Plans,No offer Available,"₹23,999","SAMSUNG Galaxy F62 (Laser Blue, 128 GB)  (6 GB RAM)",samsung,5,5 months ago
277,Wonderful,Pallab Saha,16% off,NO EMI Plans,No offer Available,"₹12,499","SAMSUNG Galaxy F22 (Denim Blue, 64 GB)  (4 GB RAM)",samsung,4,25 days ago
278,Perfect product!,Shivam Ijardar,20% off,NO EMI Plans,No offer Available,"₹23,999","SAMSUNG Galaxy F62 (Laser Blue, 128 GB)  (6 GB RAM)",samsung,5,2 months ago
279,Brilliant,Srinivas Rao,20% off,NO EMI Plans,No offer Available,"₹23,999","SAMSUNG Galaxy F62 (Laser Blue, 128 GB)  (6 GB RAM)",samsung,5,3 months ago
280,Awesome,ANOOP RUSTAGI,20% off,NO EMI Plans,No offer Available,"₹24,999","APPLE iPhone 7 (Silver, 32 GB)",Iphone-7,5,"Jul, 2020"
281,Pretty good,Flipkart Customer,20% off,NO EMI Plans,No offer Available,"₹24,999","APPLE iPhone 7 (Gold, 32 GB)",Iphone-7,4,"Nov, 2019"
282,Classy product,Flipkart Customer,20% off,NO EMI Plans,No offer Available,"₹23,999","SAMSUNG Galaxy F62 (Laser Blue, 128 GB)  (6 GB RAM)",samsung,5,5 months ago
283,Perfect product!,Mayank Chaube,20% off,NO EMI Plans,No offer Available,"₹24,999","APPLE iPhone 7 (Gold, 32 GB)",Iphone-7,5,"Oct, 2018"
284,Really Nice,Sujay Ghosh,20% off,NO EMI Plans,No offer Available,"₹23,999","SAMSUNG Galaxy F62 (Laser Blue, 128 GB)  (6 GB RAM)",samsung,4,3 months ago
285,Delight,Robin Tamang,20% off,NO EMI Plans,No offer Available,"₹24,999","APPLE iPhone 7 (Silver, 32 GB)",Iphone-7,5,"Oct, 2016"
286,good purchase,ANKUR VATSAL,16% off,NO EMI Plans,No offer Available,"₹12,499","SAMSUNG Galaxy F22 (Denim Blue, 64 GB)  (4 GB RAM)",samsung,4,26 days ago
287,Horrible,Deepanshu Pathania,20% off,NO EMI Plans,No offer Available,"₹23,999","SAMSUNG Galaxy F62 (Laser Blue, 128 GB)  (6 GB RAM)",samsung,1,2 months ago
288,Excellent service and product,Bhavik Bhavsar,20% off,NO EMI Plans,No offer Available,"₹24,999","APPLE iPhone 7 (Silver, 32 GB)",Iphone-7,4,"Jan, 2018"
289,Terrific,Amarnath Mishra,20% off,NO EMI Plans,No offer Available,"₹23,999","SAMSUNG Galaxy F62 (Laser Blue, 128 GB)  (6 GB RAM)",samsung,5,4 months ago
290,Worth every penny,Hemanta Sa,20% off,NO EMI Plans,No offer Available,"₹24,999","APPLE iPhone 7 (Gold, 32 GB)",Iphone-7,5,"Sep, 2019"
291,Worth every penny,tako nama,20% off,NO EMI Plans,No offer Available,"₹24,999","APPLE iPhone 7 (Silver, 32 GB)",Iphone-7,5,"Jan, 2019"
292,Good quality product,Anubhav Bhatia,20% off,NO EMI Plans,No offer Available,"₹24,999","APPLE iPhone 7 (Silver, 32 GB)",Iphone-7,5,"Oct, 2016"
293,Prompt Delivery and awesome phone,Flipkart Customer,20% off,NO EMI Plans,No offer Available,"₹24,999","APPLE iPhone 7 (Silver, 32 GB)",Iphone-7,5,"Oct, 2016"
294,Awesome phone,Aniket Sahani,20% off,NO EMI Plans,No offer Available,"₹24,999","APPLE iPhone 7 (Silver, 32 GB)",Iphone-7,4,"Aug, 2017"
295,Super!,Vaikundaraj Ramachandran,20% off,NO EMI Plans,No offer Available,"₹24,999","APPLE iPhone 7 (Silver, 32 GB)",Iphone-7,5,"Oct, 2019"
296,Worth every penny,jigar Thaker,20% off,NO EMI Plans,No offer Available,"₹23,999","SAMSUNG Galaxy F62 (Laser Blue, 128 GB)  (6 GB RAM)",samsung,5,3 months ago
297,Mind-blowing purchase,Priyobrata Kundu,20% off,NO EMI Plans,No offer Available,"₹24,999","APPLE iPhone 7 (Silver, 32 GB)",Iphone-7,5,"Oct, 2017"
298,Terrific purchase,Flipkart Customer,20% off,NO EMI Plans,No offer Available,"₹24,999","APPLE iPhone 7 (Silver, 32 GB)",Iphone-7,5,"Nov, 2016"
299,Delightful,Pavan Kumar,20% off,NO EMI Plans,No offer Available,"₹23,999","SAMSUNG Galaxy F62 (Laser Blue, 128 GB)  (6 GB RAM)",samsung,4,2 months ago
300,Nice,Flipkart Customer,20% off,NO EMI Plans,No offer Available,"₹24,999","APPLE iPhone 7 (Silver, 32 GB)",Iphone-7,3,"Dec, 2019"
301,Perfect product!,Lakshay Dutta,20% off,NO EMI Plans,No offer Available,"₹23,999","SAMSUNG Galaxy F62 (Laser Blue, 128 GB)  (6 GB RAM)",samsung,5,2 months ago
302,Feedback on purchases of iPhone7 and Flipkart,SUDHIR KUMAR BARAL,20% off,NO EMI Plans,No offer Available,"₹24,999","APPLE iPhone 7 (Silver, 32 GB)",Iphone-7,5,"Apr, 2017"
303,Amazing I Phone 7 with Excellent Service by Flipkart,Ashok Verma,20% off,NO EMI Plans,No offer Available,"₹24,999","APPLE iPhone 7 (Silver, 32 GB)",Iphone-7,5,"Nov, 2016"
304,Pretty good,Flipkart Customer,20% off,NO EMI Plans,No offer Available,"₹24,999","APPLE iPhone 7 (Gold, 32 GB)",Iphone-7,4,"Nov, 2019"
305,Just okay,rajat ukey,20% off,NO EMI Plans,No offer Available,"₹24,999","APPLE iPhone 7 (Silver, 32 GB)",Iphone-7,3,"May, 2017"
306,Really Nice,Suman Mondal,20% off,NO EMI Plans,No offer Available,"₹23,999","SAMSUNG Galaxy F62 (Laser Blue, 128 GB)  (6 GB RAM)",samsung,4,2 months ago
307,Hated it!,rahul singh solanki,20% off,NO EMI Plans,No offer Available,"₹23,999","SAMSUNG Galaxy F62 (Laser Blue, 128 GB)  (6 GB RAM)",samsung,1,5 months ago
308,Really Nice,Raj Deb,20% off,NO EMI Plans,No offer Available,"₹23,999","SAMSUNG Galaxy F62 (Laser Blue, 128 GB)  (6 GB RAM)",samsung,4,5 months ago
309,Terrific,RAVI RAJ PRAKASH,20% off,NO EMI Plans,No offer Available,"₹23,999","SAMSUNG Galaxy F62 (Laser Blue, 128 GB)  (6 GB RAM)",samsung,5,5 months ago
310,Must buy!,Arif Iqbal Rana,20% off,NO EMI Plans,No offer Available,"₹24,999","APPLE iPhone 7 (Silver, 32 GB)",Iphone-7,5,"Feb, 2019"
311,Did not meet expectations,Marriyam Khan,20% off,NO EMI Plans,No offer Available,"₹24,999","APPLE iPhone 7 (Silver, 32 GB)",Iphone-7,1,"Nov, 2018"
312,Confused | Heating | Few frame drops on normal usage,vinay kumar,20% off,NO EMI Plans,No offer Available,"₹23,999","SAMSUNG Galaxy F62 (Laser Blue, 128 GB)  (6 GB RAM)",samsung,3,5 months ago
313,Its mid range phone in flagship category,Yashwant,20% off,NO EMI Plans,No offer Available,"₹24,999","APPLE iPhone 7 (Silver, 32 GB)",Iphone-7,5,"Oct, 2017"
314,Very poor,Lalhmingliana Fanai,20% off,NO EMI Plans,No offer Available,"₹24,999","APPLE iPhone 7 (Silver, 32 GB)",Iphone-7,1,"Nov, 2018"
315,"descent phone in this price range ,considering the brand",Sibi Paul U,20% off,NO EMI Plans,No offer Available,"₹23,999","SAMSUNG Galaxy F62 (Laser Blue, 128 GB)  (6 GB RAM)",samsung,5,2 months ago
316,Not good as expected,Kumar Kush,20% off,NO EMI Plans,No offer Available,"₹24,999","APPLE iPhone 7 (Silver, 32 GB)",Iphone-7,2,"May, 2018"
317,Really Nice,Raj Deb,20% off,NO EMI Plans,No offer Available,"₹23,999","SAMSUNG Galaxy F62 (Laser Blue, 128 GB)  (6 GB RAM)",samsung,4,5 months ago
318,Best Phone I ever used,Monin Manu,20% off,NO EMI Plans,No offer Available,"₹24,999","APPLE iPhone 7 (Silver, 32 GB)",Iphone-7,5,"May, 2017"
319,Good,Manas Sharma,20% off,NO EMI Plans,No offer Available,"₹23,999","SAMSUNG Galaxy F62 (Laser Blue, 128 GB)  (6 GB RAM)",samsung,3,5 months ago
320,Great product,Swapnil Jadhav,20% off,NO EMI Plans,No offer Available,"₹24,999","APPLE iPhone 7 (Silver, 32 GB)",Iphone-7,5,"Oct, 2017"
321,Good choice,Mahi,20% off,NO EMI Plans,No offer Available,"₹23,999","SAMSUNG Galaxy F62 (Laser Blue, 128 GB)  (6 GB RAM)",samsung,4,1 month ago
322,Terrific,Bibhash Koley,20% off,NO EMI Plans,No offer Available,"₹23,999","SAMSUNG Galaxy F62 (Laser Blue, 128 GB)  (6 GB RAM)",samsung,5,3 months ago
323,Good choice,Karan Verma,20% off,NO EMI Plans,No offer Available,"₹23,999","SAMSUNG Galaxy F62 (Laser Blue, 128 GB)  (6 GB RAM)",samsung,4,3 months ago
324,Really Nice,Raj Deb,20% off,NO EMI Plans,No offer Available,"₹23,999","SAMSUNG Galaxy F62 (Laser Blue, 128 GB)  (6 GB RAM)",samsung,4,5 months ago
325,Must buy!,Haziq Vaid,20% off,NO EMI Plans,No offer Available,"₹24,999","APPLE iPhone 7 (Silver, 32 GB)",Iphone-7,5,"Sep, 2017"
326,"Sexy got black, really black!",Priyanka Parkar,20% off,NO EMI Plans,No offer Available,"₹24,999","APPLE iPhone 7 (Silver, 32 GB)",Iphone-7,5,"Oct, 2016"
327,Classy product,Ritesh Gupta,20% off,NO EMI Plans,No offer Available,"₹24,999","APPLE iPhone 7 (Silver, 32 GB)",Iphone-7,5,"Nov, 2019"
328,Terrific,Flipkart Customer,20% off,NO EMI Plans,No offer Available,"₹23,999","SAMSUNG Galaxy F62 (Laser Blue, 128 GB)  (6 GB RAM)",samsung,5,1 month ago
329,Best phone still @25-27K,Nishant Salunkhe,No Discount,NO EMI Plans,No offer Available,"₹49,999","APPLE iPhone 6 (Gold, 128 GB)",iphone6,1,"Feb, 2017"
330,Super!,Pranesh Pranesh,20% off,NO EMI Plans,No offer Available,"₹23,999","SAMSUNG Galaxy F62 (Laser Blue, 128 GB)  (6 GB RAM)",samsung,5,2 months ago
331,Could be way better,parag pawar,20% off,NO EMI Plans,No offer Available,"₹24,999","APPLE iPhone 7 (Silver, 32 GB)",Iphone-7,2,"Oct, 2019"
332,Its different than android and EASIER ROBUST,Ashok Shakhawar,20% off,NO EMI Plans,No offer Available,"₹24,999","APPLE iPhone 7 (Silver, 32 GB)",Iphone-7,4,"Feb, 2018"
333,iPhone 7 .... just awesome,sougata bose,20% off,NO EMI Plans,No offer Available,"₹24,999","APPLE iPhone 7 (Silver, 32 GB)",Iphone-7,5,"Jan, 2017"
334,Perfect product!,Flipkart Customer,20% off,NO EMI Plans,No offer Available,"₹24,999","APPLE iPhone 7 (Silver, 32 GB)",Iphone-7,5,"Dec, 2017"
335,Fabulous!,Sibun kumar patel,20% off,NO EMI Plans,No offer Available,"₹23,999","SAMSUNG Galaxy F62 (Laser Blue, 128 GB)  (6 GB RAM)",samsung,5,4 months ago
336,Good product,Abdul Rahaman,20% off,NO EMI Plans,No offer Available,"₹24,999","APPLE iPhone 7 (Silver, 32 GB)",Iphone-7,5,"Nov, 2016"
337,Really Nice,Suman Mondal,20% off,NO EMI Plans,No offer Available,"₹23,999","SAMSUNG Galaxy F62 (Laser Blue, 128 GB)  (6 GB RAM)",samsung,4,2 months ago
338,Really Nice,Suman Mondal,20% off,NO EMI Plans,No offer Available,"₹23,999","SAMSUNG Galaxy F62 (Laser Blue, 128 GB)  (6 GB RAM)",samsung,4,2 months ago
339,Excellent phone and worth to buy,Flipkart Customer,20% off,NO EMI Plans,No offer Available,"₹24,999","APPLE iPhone 7 (Silver, 32 GB)",Iphone-7,5,"Jan, 2018"
340,Really Nice,Raj Deb,20% off,NO EMI Plans,No offer Available,"₹23,999","SAMSUNG Galaxy F62 (Laser Blue, 128 GB)  (6 GB RAM)",samsung,4,5 months ago
341,Highly recommended,Anand Soni,20% off,NO EMI Plans,No offer Available,"₹23,999","SAMSUNG Galaxy F62 (Laser Blue, 128 GB)  (6 GB RAM)",samsung,5,4 months ago
342,Mind-blowing purchase,Aniket Kumar,16% off,NO EMI Plans,No offer Available,"₹12,499","SAMSUNG Galaxy F22 (Denim Blue, 64 GB)  (4 GB RAM)",samsung,5,27 days ago
343,Amazing ordering experience from Flipkart !,Singh Saurabh,20% off,NO EMI Plans,No offer Available,"₹24,999","APPLE iPhone 7 (Silver, 32 GB)",Iphone-7,5,"Oct, 2016"
344,iPhone 7 great value for money,Diwakar V,20% off,NO EMI Plans,No offer Available,"₹24,999","APPLE iPhone 7 (Silver, 32 GB)",Iphone-7,5,"Jan, 2017"
345,Value-for-money,Aditya Singh,20% off,NO EMI Plans,No offer Available,"₹23,999","SAMSUNG Galaxy F62 (Laser Blue, 128 GB)  (6 GB RAM)",samsung,4,2 months ago
346,Mind-blowing purchase,Aniket Kumar,16% off,NO EMI Plans,No offer Available,"₹12,499","SAMSUNG Galaxy F22 (Denim Blue, 64 GB)  (4 GB RAM)",samsung,5,27 days ago
347,Best in the market!,Anshul Tiwari,20% off,NO EMI Plans,No offer Available,"₹24,999","APPLE iPhone 7 (Silver, 32 GB)",Iphone-7,5,"Oct, 2019"
348,Awesome,Abhisek Pal,20% off,NO EMI Plans,No offer Available,"₹24,999","APPLE iPhone 7 (Silver, 32 GB)",Iphone-7,5,"Nov, 2017"
349,Fair,Vaibhav Verma,20% off,NO EMI Plans,No offer Available,"₹23,999","SAMSUNG Galaxy F62 (Laser Blue, 128 GB)  (6 GB RAM)",samsung,3,4 months ago
350,iPhone 7 32 gb,Debadrito Mukherjee,20% off,NO EMI Plans,No offer Available,"₹24,999","APPLE iPhone 7 (Silver, 32 GB)",Iphone-7,5,"Sep, 2017"
351,Value-for-money,Jaimin Mehta,20% off,NO EMI Plans,No offer Available,"₹24,999","APPLE iPhone 7 (Silver, 32 GB)",Iphone-7,4,"Dec, 2016"
352,Waste of money!,Faizuddin Sirajuddin,20% off,NO EMI Plans,No offer Available,"₹23,999","SAMSUNG Galaxy F62 (Laser Blue, 128 GB)  (6 GB RAM)",samsung,1,3 months ago
353,Fabulous!,Nabya Jyoti Nath,20% off,NO EMI Plans,No offer Available,"₹23,999","SAMSUNG Galaxy F62 (Laser Blue, 128 GB)  (6 GB RAM)",samsung,5,2 months ago
354,Must buy!,Souvick Chatterjee,20% off,NO EMI Plans,No offer Available,"₹23,999","SAMSUNG Galaxy F62 (Laser Blue, 128 GB)  (6 GB RAM)",samsung,5,2 months ago
355,Awesome phone,alok,20% off,NO EMI Plans,No offer Available,"₹24,999","APPLE iPhone 7 (Silver, 32 GB)",Iphone-7,5,"Oct, 2016"
356,Superb service,Robertson Takhellambam,20% off,NO EMI Plans,No offer Available,"₹24,999","APPLE iPhone 7 (Silver, 32 GB)",Iphone-7,5,"Sep, 2017"
357,#beast,Wisanni Newmai,20% off,NO EMI Plans,No offer Available,"₹24,999","APPLE iPhone 7 (Silver, 32 GB)",Iphone-7,5,"Jan, 2018"
358,Love,Esha Goel,20% off,NO EMI Plans,No offer Available,"₹24,999","APPLE iPhone 7 (Silver, 32 GB)",Iphone-7,4,"Oct, 2016"
359,Pretty good,suresh b,20% off,NO EMI Plans,No offer Available,"₹24,999","APPLE iPhone 7 (Gold, 32 GB)",Iphone-7,4,"Nov, 2018"
360,Really Nice,Raj Deb,20% off,NO EMI Plans,No offer Available,"₹23,999","SAMSUNG Galaxy F62 (Laser Blue, 128 GB)  (6 GB RAM)",samsung,4,5 months ago
361,Excellent service from Flipkart,Sundar Zeet,20% off,NO EMI Plans,No offer Available,"₹24,999","APPLE iPhone 7 (Silver, 32 GB)",Iphone-7,5,"Jan, 2018"
362,Awesome phone!!!,Gowtham Singh,20% off,NO EMI Plans,No offer Available,"₹24,999","APPLE iPhone 7 (Silver, 32 GB)",Iphone-7,5,"Jan, 2017"
363,Just wow!,kavita jain,20% off,NO EMI Plans,No offer Available,"₹23,999","SAMSUNG Galaxy F62 (Laser Blue, 128 GB)  (6 GB RAM)",samsung,5,4 months ago
364,Really Nice,Suman Mondal,20% off,NO EMI Plans,No offer Available,"₹23,999","SAMSUNG Galaxy F62 (Laser Blue, 128 GB)  (6 GB RAM)",samsung,4,2 months ago
365,Terrific purchase,Sameer Sharma,20% off,NO EMI Plans,No offer Available,"₹24,999","APPLE iPhone 7 (Silver, 32 GB)",Iphone-7,5,"Jan, 2017"
366,Future ready device with small spec deficiency.,Mohan Thakur,20% off,NO EMI Plans,No offer Available,"₹24,999","APPLE iPhone 7 (Silver, 32 GB)",Iphone-7,4,"Apr, 2017"
367,Horrible,Jaya Pahlajani,20% off,NO EMI Plans,No offer Available,"₹24,999","APPLE iPhone 7 (Silver, 32 GB)",Iphone-7,1,"Nov, 2016"
368,Mind-blowing purchase,Anish Sen,20% off,NO EMI Plans,No offer Available,"₹23,999","SAMSUNG Galaxy F62 (Laser Blue, 128 GB)  (6 GB RAM)",samsung,5,5 months ago
369,Good quality product,D.S. Meena,20% off,NO EMI Plans,No offer Available,"₹24,999","APPLE iPhone 7 (Silver, 32 GB)",Iphone-7,4,"Dec, 2019"
370,Wonderful,Ajay Singh,20% off,NO EMI Plans,No offer Available,"₹24,999","APPLE iPhone 7 (Silver, 32 GB)",Iphone-7,5,"May, 2017"
371,Simply awesome,DHARMENDER PAL,20% off,NO EMI Plans,No offer Available,"₹23,999","SAMSUNG Galaxy F62 (Laser Blue, 128 GB)  (6 GB RAM)",samsung,5,2 months ago
372,Awesome,Shariq Ahmad Beigh,20% off,NO EMI Plans,No offer Available,"₹24,999","APPLE iPhone 7 (Gold, 32 GB)",Iphone-7,5,"Oct, 2016"
373,Mind-blowing purchase,Dilmeet Singh,20% off,NO EMI Plans,No offer Available,"₹24,999","APPLE iPhone 7 (Silver, 32 GB)",Iphone-7,5,"May, 2019"
374,Pretty look,Flipkart Customer,20% off,NO EMI Plans,No offer Available,"₹24,999","APPLE iPhone 7 (Silver, 32 GB)",Iphone-7,5,"Oct, 2016"
375,Great product,Somashekar T,20% off,NO EMI Plans,No offer Available,"₹23,999","SAMSUNG Galaxy F62 (Laser Blue, 128 GB)  (6 GB RAM)",samsung,5,4 months ago
376,Brilliant,karthik m,20% off,NO EMI Plans,No offer Available,"₹24,999","APPLE iPhone 7 (Silver, 32 GB)",Iphone-7,5,"Dec, 2019"
377,Unsatisfactory,Jay Panchal,20% off,NO EMI Plans,No offer Available,"₹23,999","SAMSUNG Galaxy F62 (Laser Blue, 128 GB)  (6 GB RAM)",samsung,1,3 months ago
378,Does the job,Chintada Polarao,20% off,NO EMI Plans,No offer Available,"₹23,999","SAMSUNG Galaxy F62 (Laser Blue, 128 GB)  (6 GB RAM)",samsung,3,2 months ago
379,Perfect product!,Prakashkumar Mathradanmekkara,20% off,NO EMI Plans,No offer Available,"₹24,999","APPLE iPhone 7 (Silver, 32 GB)",Iphone-7,5,"Oct, 2016"
380,iPhone - A Different Ball Game,Sujoy Mukherjee,20% off,NO EMI Plans,No offer Available,"₹24,999","APPLE iPhone 7 (Silver, 32 GB)",Iphone-7,5,"Nov, 2017"
